NIM,BAHASA INDONESIA,BAHASA SUMBAWA,BAHASA LOMBOK
Suan Seplara (221001056),hari,ano,
,pergi,lalo,
,makan,mangan,
,berjalan,belangan,
,besok,nawar,
,kucing,bodok,
,nenek/kakek,abe,
,lusa,puan,
,kemarin,seperap,
,sawah,uma,
,rumah,bale,
,tangan,ima,
,rumput,rebu,
,piring,talang,
,bicara,berape,
,kelapa,nyer,
,semangka,lene,
,sendok,sidu,
,berlari,belari,
,tendang,sepak,
,orang,tau,
,tangga,anar,
,parang,berang,
,lumpur,upak,
,sampah,roro,
,semut,semit,
,ular,bele,
,pegang,enti,
,pukul,pukel,
,jatuh,teri,
,bangun,koat,
,naik,entek,
,turun,turen,
,duduk,tokal,
,berdiri,manang,
,bunga,kemang,
,ambil,ete,
,cubit,teki,
,lempar,plentong,
,bagus,balong,
,tersandung,kemantil,
,lihat,ingo,
,malam,petang,
,besar,rango,
,cepat,lema,
,satukan,sesai,
,nanti,endi,
,hati,ate,
,tengkurap,langkap,
,mangga,pelam,
,laut,let,
,kotor,lesik,
,pinjam,sole,
,nonton,manto,
,masuk,tama,
,banyak,peno,
,guntur,gunter,
,nafas,iyak,
,ranting,bewe,
,daun,godong,
,terbang,ngibar,
,semua,serea,
,dekat,parak,
,mencuri,nyoro,
,nyamuk,rengit,
,kecil,ode,
,cari,buya,
,kembali,remalik,
,tangan,ima,
,dengar,menong,
,lihat,ingo,
,sembunyi,besio,
,tersandung,kemantil,
,jatuh,teri,
,kelahi,bekepa,
,bertanya,beketoan,
,dengar,menong,
,menunggu,betari,
,jelek,lenge,
,marah,ngamuk,
,pukul,owe',
,pegang,nti,
,garuk,kerok,
,tidur,tunung,
,mau,sate,
,pisang,punti,
,ngantuk,ngantok,
,nginap,ngentang,
,tangkap,bau,
,kejar,apan,
,ambil,ete,
,andai,ajan,
,kangen,totang,
,tunggu,tari,
,pulang,mole,
,dulu,dunung,
,mendengar,menong,
,hitam,pisak,
,baju,lamung,
,celana,seluar,
,hari ini saya membeli nasi bungkus,ano ta aku beli eme poyong,
,saya mau pergi ke kampus,saya sate alo ke kampus,
,ayo pergi makan,tom alo mangan,
,kita pergi kesana berjalan kaki,kita alo kona belangan ene,
,besok saya pergi kesana,nawar aku lalo kona,
,kucing mu lucu sekali,kucing kau lucu benar,
,saya lagi dirumah nenek,aku ntu pang bale abe,
,lusa itu tanggal merah,puan nan tanggal mira,
,kemarin dia kesini,seperap nya lalo kota,
,sawah itu sejuk sekali,uma nan senap benar,
,cepat datang ke rumah kita kerja tugas,lema lalo ko bale kita kerja tugas,
,tangan orang itu dingin sekali,ima tau nan dingin benar,
,rumput itu sudah menguning,rebu nan kam kuning,
,piring nya jangan lupa di lap selesai di cuci,talang nan na kelupa lap jure biso,
,bicara mu jangan cepat-cepat,na kotar-kotar mu berape,
,kelapa itu sudah tidak air nya,nyer nan nomonda ai,
,semangka lebih enak yang warna kuning dari pada yang merah,lene ada nyaman ade warna kuning dari pada ade mira,
,pakai sendok makannya supaya tangan tidak kotor,kenang sidu mangan bau ima no lesek,
,anak itu berlarian di tengah jalan,tode nan belari pang tenga ola,
,tendang bola itu sampai depan pintu,sepak bal nan sampe nangkang lawang,
,orang ini kenapa lama sekali,tau ta kuda lee benar,
,aku jatuh di tangga tadi pagi,aku teri pang anar tone jaga,
,parang itu tajam sekali,berang nan tayam benar,
,banyak lumpur di jalan,peno upak pang ola,
,sampah itu berserakan di depan ruangan,roro nan ngelawer pang angkang ruangan,
,aku digigit semut pas tidur,ka sit ku leng semet pas tunung,
,hati-hati ular itu berbisa,ati-ati bele nan berbisa,
,jangan pegang kaki ku,na' nti ene ku,
,dia di pukul ayah nya karna bohong,nya ya pukel leng bapak leng bola,
,kakak ku jatuh dari motor tadi sore,kakak ku teri kaling motor tone rawi,
,besok bisa bangun pagi,nawar bau koat jaga,
,dia tidak naik kelas karena malas,nya engka entek kelas leng lemang,
,ayo kita turun ke sana,tom kita turen kona,
,duduk santai di taman yuk?,tokal nyantai pang taman tom,
,aku berdiri sampai kaki ku sakit,aku manang sampe ngering ene ku,
,bunga itu bagus tapi sayang nya berduri,kemang nan balong tapi sayang beduri,
,ambil nasi itu buat makan nanti,ete eme nan tawa mangan ndi,
,anak kecil itu menangis karena dicubit temannya,tode ode nan nangis leng ya teki leng dengan,
,dia suka lempar batu ke sungai,nya beri pelentong batu ko berang,
,baju mu hari ini bagus banget,lamung mu ano ta balong benar,
,jalan yang gelap membuatku mudah tersandung,ola ade ungkap pina ku roa kemantil,
,tolong lihat apakah pintu sudah dikunci,tulung ingo kam ke ya kunci lawang,
,dia begadang semalaman untuk menyelesaikan tugas,nya begadang sepetang tawa sejure tugas,
,gedung besar itu akan dijadikan museum,gedung rango nan ya sejadi museum,
,cepat ambil payung sebelum hujan turun,lema ete payong senopoka turen ujan,
,satukan file ini buat satu folder agar rapi,sesai file ta pina sopo folder bau rapi,
,"tolong simpan dulu, nanti aku ambil","tulung sio nung, ndi ku ete",
,jangan simpan dendam di dalam hati,na' sio dendam pang dalam ate,
,dokter menyarankan jangan terlalu lama tengkurap,saran doketr na' terlalu lee langkap,
,banyak sekali buah mangga itu,peno benar bua pelam ana,
,ayo kita mandi ke laut,tom kita maning pang let,
,sepatu mu kotor karena hujan tadi,sepatu mu lesek leng ujan ita,
,bisa aku pinjam baju mu?,bau ku sole lamung mu?,
,aku suka nonton upin & ipin di rumah,aku beri panto upin & ipin pang bale,
,dia masuk sekolah jam 7 pagi,nya tama sekola jam 7 jaga,
,dia membawa banyak buku ke perpustakaan,nya bawa buku peno ke perpus,
,ibu menutup jendela saat guntur datang,emak tutup jendela ntu datang gunter,
,dia kehabisan nafas saat berlarian jauh,nya boe iyak ntu belari do,
,dia duduk di bawah pohon sambil memegang ranting,nya tokal bawa puin sambil nti bewe,
,aku melihat kupu-kupu hinggap di daun,aku ingo kupu-kupu nyampe pang den,
,kupu-kupu terbang di atas bunga,kupu-kupu ngibar pang bao kemang,
,semua orang sudah berkumpul di aula,serea tau kam berkumpul pang aula,
,dia berdiri dekat pintu masuk,nya manang parak ke lawang tama,
,kucing itu suka mencuri ikan di dapur,bodok nan beri soro jangan pang dapur,
,malam ini banyak nyamuk di kamar,petang ta peno rengit pang kamar,
,dia memberi kado dalam kotak kecil,nya beang kado pang dalam kotak ode,
,tolong bantu aku cari kunci yang hilang,tulung bantu ku buya kunci de ilang,
,aku akan kembali besok pagi,aku yak remalik nawar jaga,
,luka ditangan itu sudah sembuh,bakat pang ima nan kam terang,
,dengar baik-baik apa yang aku katakan,menong balong-balong apa leng ku,
,aku ingin lihat hasil ujian besok,aku sate ingo hasil ujian nawar,
,pencuri itu mencoba sembunyi di gudang,taua nyoro nan ya coba besio pang gudang,
,luka lama itu masih membekas sampai sekarang,bakat lee nan masi bekelampa sampe to,
,pipinya basah karena air mata,papar nya basa leng ai mata,
,ibu tertawa melihat anaknya tersandung,emak ketawa gita anak kemantil,
,adik ku jatuh dari sepeda kemarin sore,adi ku teri kaling sepeda seperap rawi,
,jangan suka kelahi dengan teman mu,na' beri bekepa ke dengan mu,
,"jika ingin tahu, bertanya saja langsung","amen sate to, diken bertanya langsung",
,aku suka dengar lagu sebelum tidur,aku beri menong lagu senopoka tunung,
,aku menunggu di depan rumahmu,aku batari pang nangkang bale mu,
,jangan bilang orang lain jelek,na' beling tau len leng,
,kenapa kamu tiba-tiba marah padaku,kuda kau tiba-tiba ngamuk ke aku,
,dia dipukul hingga jatuh ke tanah,nya ya pukil sampe teri pang tana',
,tolong pegang pintu ini sebentar,tulung nti lawang ta sengara,
,"jangan garuk luka itu, nanti infeksi","na garok bakat nan, ndi infeksi",
,kucingku suka tidur diatas bantal,bodok ku beri tunung pang atas galang,
,aku mau pergi ke pasar besok pagi,aku sate alo ko amat nawar jaga,
,pisang itu rasanya manis sekali,punti nan manis benar rasa,
,minum kopi kalau kamu ngantuk,inum kopi amen mu ngantok,
,malam ini aku mau nginap dirumah teman,petang ta aku sate ngentang pang bale dengan,
,tangkap burung itu sebelum terbang lagi,bau pio nan senopoka ngibar kebali,
,mereka kejar layangan yang putus diterbangkan angin,tau nan apan layang ade putis ya sengibar leng angin,
,adik ambil mainan di lemari,adi ete pekedek pang lemari,
,andai semua orang mau saling membantu,ajan serea tau roa saling tulung,
,setiap malam aku merasa kangen rumah,setiap petang aku rasa totang bale,
,jangan menunggu terlalu lama diluar,na' betari terlalu lee pang luar,
,dia belum pulang dari kantor sampai malam,nya nopoka mole kaling kantr sampe petang,
,"biar aku selesaikan ini dulu, baru pergi","beang aku sejure deta dunung, nan po lalo",
,kita harus mendengar pendapat orang lain juga,kita harus menong pendapat tau len ampo,
,aku menulis dengan pulpen hitam,aku nulis ke pulpen pisak,
,aku dengar dia bilang mau pindah sekolah,aku menong nya sate repina sekolah,
,lagi bentar aku kesitu,kaling sengara aku alo konan,
,bantal ini terlalu kecil buat ku,galang ta terlalu ode tawa kaku,
,pakai saja apa yang ada,kenang abe apa ade ada,
,pindah tempat aja besok,repina pang mo nawar,
,ikat saja dia kalau melawan,sat bae nya lamen renyamong,
,petikkan buah jambu itu buat aku,bau bua nyamung nan tawa kau,
,cicak itu nempel di kulit kita,bertik nan nempel pang kulit tu,
,buaya itu sangat bahaya,bahaya benar balo nan,
Detha Putri Saifunnida (221001062),saya,kaji,
,kamu,kelam,
,dia,nya,
,kita,kita,
,kalian,nene,
,siapa,sai,
,makan,mangan,
,minum,inum,
,pergi,alo,
,mendengar,menong,
,melihat,ingo,
,atas,bao,
,bawah,bawa,
,depan,angkang,
,belakang,bungkak,
,pulang,mole,
,cepat,kotar,
,lambat,le,
,panjang,belo,
,pendek,pene,
,mandi,maning,
,pintu,lawang,
,ujung,poto,
,lupa,kelupa,
,ingat,totang,
,menunggu,betari,
,tidak,no,
,iya,iya,
,marah,ngamok,
,kasihan,nanta,
,malam,petang,
,hari,ano,
,matahari,mataano,
,cantik,gera,
,sejuk,senap,
,bagus,balong,
,hati,ate,
,hitam,pisak,
,bohong,bola,
,tidur,tunung,
,ayo,tom,
,kangen,notang,
,teman,dengan,
,laut,let,
,menyebrang,lempat,
,kenapa,kuda,
,orang,tau,
,jemur,sea,
,baju,lamong,
,tolong,tulung,
,jangan,nanta,
,ribut,tomas,
,mangga,pelam,
,meja,mejang,
,kursi,kursi,
,belajar,belajar,
,ibu,ina,
,ayah,bapak,
,adik,adi,
,orang tua,tu loka,
,nasi,me,
,ikan,jangan,
,mencuri,nyoro,
,berjalan,belangan,
,lari,belari,
,belanja,belannya,
,bicara,laong,
,bersama,berema,
,jemur,sea,
,tadi,ita,
,sendirian,mesa,
,sebelum,senopoka,
,sayur,jembrai,
,kami,kami,
,mencuci,biso,
,buah,bua,
,memakan,kakan,
,menikah,pengantan,
,hamil,betian,
,melahirkan,beranak,
,berlebihan,jina,
,baring,ngulang,
,tampar,serapeng,
,hidung,idung,
,air,ai,
,hanyut,kemelar,
,tenggelam,kebelak,
,nakal,kapal,
,cerewet,joeng,
,jatuh,teri,
,lurus,luris,
,mulut,boa,
,jagung,baso,
,rambut,bulu,
,minta,eneng,
,bau,mamong,
,kabar,rungan,
,selimut,leang,
,bertemu,betemung,
,saya makan nasi dan ikan bersama adik.,kaji kakan me ke jangan berema ke adi,
,Kamu jangan bohong kepada orang tua.,kelam na bola ke tu loka,
,Dia berjalan cepat menuju pintu belakang.,nya kotar belangan angkang lawang,
,Kita belajar bersama di atas meja.,kita belajar berema pang bao meja,
,"Kalian ribut sejak tadi pagi, tolong diam.","nene sama tomas kaleng ita jaga, ngaro tedu",
,Siapa yang melihat adik di ujung jalan?,sai ka gita adi pang poto ola?,
,Ayah pulang malam karena harus belanja.,bapak mole petang leng harus alo belanya,
,Ibu mandi di pagi hari sebelum matahari terbit.,ina maning jaga senopoka les mata ano,
,Tolong jemur baju di bawah sinar matahari.,ngaro sea lamong pang bawa mata ano,
,Saya lupa membawa buku belajar ke sekolah.,kaji kelupa bawa buku kenang belajar ko sekolah,
,Kamu ingat tidak dengan teman lama kita?,kelam totang ke no dengan le tu?,
,Jangan lari di dalam rumah,na belari dalam bale,
,Kita makan ikan bakar di tepi laut.,kita mangan ke jangan tunung pang ndeng let,
,Dia mendengar suara dari belakang rumah.,nya ka menong seda kaleng bungkak bale,
,"Ayo tidur sekarang, sudah malam.","tom tunung, kam petang",
,Adik minum susu sambil duduk di kursi.,adi inum susu sambil tokal pang kursi,
,Siapa yang pulang paling lama tadi?,sai de ka mole paling le ita?,
,Hari ini cuacanya sangat sejuk dan bagus.,senap ke balong cuaca anota,
,Kalian jangan marah hanya karena hal kecil.,nene na ngamok kanyong leng hal ode,
,Saya melihat seseorang berdiri di depan pintu.,kaji gita tau manang pang angkang lawang,
,Pelan pelan saat mengendarai motor ya,lao lao pas bawa motor,
,Ibu makan dengan mangga muda.,ina mangan ke pelam uja,
,minta tolong jangan kangen berlebihan.,ngeneng tulung na jina notang,
,Ayah belanja baju di toko baru besar,bapak belanya lamong pang toko rango,
,sepertinya orang itu sedang menunggu,ser tau nan muntu betari,
,Kalian duduk saja dulu,nene tokal bae dunung,
,Dia duduk di kursi panjang dekat laut.,nya tokal pang kursi belo parak ke let,
,Saya kasihan melihat anak kecil itu sendirian.,kaji kenanta gita tode ana mesa,
,Jangan lupa belajar untuk ujian besok.,na kelupa belajar tawa ujian nawar,
,Kita lari pagi agar tubuh sehat.,kita belari jaga bau tubuh sehat,
,"Adik bicara terlalu keras, ibu jadi marah.","adi leong keras lalo, ngamok ina",
,Tolong ambilkan mangga yang jatuh di bawah.,tulung ete pelam de ka teri ko bawa,
,Ibu menyuruh saya tidur cepat malam ini.,ema suru kaji tunung kotar petang ta,
,Kalian jangan suka mencuri,nene na beri nyoro,
,Hari ini matahari terlihat sangat cantik.,anota mata ano gera kengita,
,Kamu duduk di bawah pohon sambil minum teh.,kelam tokal pang bawa puin sambil inum ai the,
,Teman saya bohong pergi ke laut.,dengan kaji bola ka alo ke let,
,Dia melihat orang asing berdiri di ujung jalan.,nya ka gita tau len manang poto ola,
,Ayah tidak suka kalau kamu ribut terus.,bapak no beri lamen kelam tomas teris,
,Kita jangan lupa bawa bekal makan siang.,kita na kelupa bawa me tawa mangan luher,
,Ayo mandi dulu sebelum belajar.,tom maning nong senopoka belajar,
,Orang tua harus menjadi contoh yang baik.,tu loka harus beang contoh de de balong,
,Siapa yang jemur baju di atas meja?,sai de ka sea lamong pang bao meja?,
,Saya ingin pergi ke laut bersama kamu.,kaji sate alo ko let ke kelam,
,Tolong jangan bicara soal itu lagi.,ngeneng tulung na laong hal nan kebali,
,Kamu marah hanya karena lupa makan?,ngamok kelam kanyong leng kelupa mangan?,
,Dia tidur di kursi karena terlalu lelah.,nya tunung pang kursi leng ompa lalo,
,Saya teringat dengan teman masa kecil.,kaji angan dengan muntu ode kaji,
,Jangan berjalan di belakang rumah saat malam.,na belangan pang bungkak bale petang,
,Kita harus ingat untuk pulang kalau sudah waktu.,kita harus tu totang mole lamen kam waya,
,Tolong jangan ribut saat ibu sedang tidur.,Ngeneng tulung na tomas pas ina tunung,
,Ayah duduk di kursi dekat meja makan.,bapak tokal pang kursi parak ke mejang pang mangan,
,Tadi ibu pergi belanja bersama ayah.,tone ina ka alo belanya berema ke bapak,
,Tolong ibu menjemur baju sebelum malam hari,tulung ma sea lamong senopoka petang ano,
,"Jangan lari di dalam rumah, nanti jatuh.","na belari dalam bale, ndi teri",
,Siapa yang mencuri di rumah pak rt?,sai ka nyoro pang bale pak rt?,
,Saya berjalan bersama adik menuju sekolah.,kaji belangan berema ke adi alo ko sekolah,
,Mereka ribut soal meja yang rusak.,tau ana tomas leng mejang rusang,
,Ibu menyuruh saya belajar sebelum tidur.,ina suru kaji belajar senopoka tunung,
,Kita makan mangga bersama di depan rumah,kita kat kakan pelam berema pang angkang bale,
,Ayah duduk di kursi sambil membaca koran.,bapak tokal pang kursi sambil baca koran,
,jangan ganggu adik yang sedang tidur.,na garu adi muntu tunung,
,Saya melihat orang berjalan sendirian di malam malam.,kaji gita tau belangan mesa petang petang,
,Siapa tadi yang bicara keras di kelas?,sai ita de ka keras seda laong pang kelas?,
,"Jangan mencuri barang milik teman, itu perbuatan buruk.","na ete barang ade dengan , boat lenge dean",
,Ibu dan ayah adalah orang tua yang baik,ina ke bapak kaji tau loka de balong,
,Kita belajar bersama sebelum ujian,kita belajar berema senopoka ujian,
,bantu saya jemur baju di halaman.,tulung kaji sea lamong pang pekarangan,
,"Jangan ribut, bayi sedang tidur.","na tomas, tode muntu tunung",
,Saya dan adik belanja sayur bersama ibu.,kaji ke adi belanya jembrai ke ina,
,Tadi saya lupa menyimpan ikan di kulkas.,tone kaji kelupa sio jangan pang kulkas,
,Ayah pulang dari pasar dengan membawa mangga.,bapak mole kaleng amat bawa pelam,
,Kami duduk di meja makan sambil bicara.,kami tokal mangan pang meja mangan sambil laong,
,Jangan suka berjalan sendiri di malam hari.,na beri belangan mesa petang ano,
,Saya melihat adik berlari menuju pintu.,kaji gita adi belari tata lawang,
,Tolong sampaikan pesan ini kepada ibu.,ngaro bada pesan ta ko ina,
,Siapa yang duduk di kursi saya tadi?,sai ka tokal pang kursi saya ita,
,Kita jangan lupa mencuci baju sebelum besok.,kita na kelupa biso lamong senopoka nawar,
,Ikan itu sudah dibersihkan oleh ayah tadi.,jangan nan kam ya sebersi leng bapak tone,
,Orang tua harus menjadi teladan dalam keluarga.,tu loka harus dadi teladan pang dalam keluarga,
,Saya ingin belajar di meja dekat jendela.,kaji sate belajar pang mejang ndeng jendela,
,Tolong jangan bicara kasar kepada orang tua.,ngaro na beleng de kasar ke tu loka,
,Ibu sedang mencuci baju,ina muntu biso lamong,
,Tadi saya melihat seseorang mencuri buah mangga.,tone saya gita tau soro bua pelam,
,Ayah dan ibu sering belanja bersama di pasar.,bapak ke ina roa belanya berema ko amat,
,Jangan lupa mandi sebelum makan malam.,na kelupa maning senopoka mangan,
,Saya merasa kasihan melihat anak itu sendirian.,kaji kenanta gita tode ana mesa,
,Kita akan belajar bersama sore ini.,kita yatu belajar berema rawi ta,
,Tolong ambilkan mangga yang jatuh ke bawah meja.,ngaro ete pelam de ka teri ke bawa meja,
,Adik belajar dengan serius di kursi belakang.,adi belajar serius pang kursi bungkak,
,Ayah menyuruh saya jangan bermain sebelum belajar.,bapak suru kaji na bekedek senopoka belajar,
,Ibu menunggu ayah pulang dari bekerja.,ina tari bapak mole kerja,
,Tolong jangan tinggalkan adik sendirian di rumah.,ngaro na bilen adi mesa pang bale,
,Saya dan teman duduk di kursi dekat laut.,kaji ke dengan tokal ke dengan pang kursi parak ke let,
,Siapa yang memakan nasi dan ikan di sini tadi?,sai ka kakan me ke jangan de pang ta ita?,
,Jangan suka ribut saat pelajaran berlangsung.,na beri tomas muntu pelajaran,
,Kami belajar tentang cara mencuci dan menjemur baju.,kami kat belajar melok cara biso ke sea lamong,
,Tolong bantu ibu menyiapkan meja makan.,tulung ina periri mejang pang mangan,
,"Sebelum tidur, ayah selalu bicara hal baik kepada saya.","senopoka tunung, bapak roa beleng de balong ke saya",
,siapa yang menikah tadi?,sai ka pengantan ita?,
Magfiratul Jannah (221001058),hari,ano,
,gunung,olat,
,tangga,anar,
,pergi,alo,
,kemarin,perap,
,pohon,puen,
,makan,mangan,
,tidur,tunung,
,asin,pare,
,ikan,jangan,
,sayur,jembrai,
,garam,sira,
,rumah,bale,
,kebun,keban,
,matahari,mata ano,
,air,ai,
,membaca,maca,
,berjalan,belangan,
,berlari,belari,
,dingin,ngelar,
,gelap,ungkap,
,kecil,ode,
,besar,rea,
,hitam,pisak,
,pisau,ladeng,
,piring,talang,
,duduk,tokal,
,pintu,lawang,
,enak,nyaman,
,dekat,parak,
,jauh,do,
,panjang,belo,
,pendek,pene,
,tangan,ima,
,kepala,otak,
,daun,godong,
,baju,lamong,
,celana,seluar,
,kenapa,kuda,
,bagaimana,melok,
,siapa,sai,
,dimana,mepang,
,tidak ada,nonda,
,benar,tutu,
,baru,beru,
,lama,le,
,botol,butel,
,saku,pecikang,
,lilin,dila,
,hidung,idong,
,sendok,sidu,
,sandal,sendal,
,orang,tau,
,tidak mau,noto,
,gigi,iset,
,kaki,ne,
,pegang,nti,
,korek,colo,
,lihat,ingo,
,jambu,nyamong,
,mangga,pelam,
,muka,rua,
,bantal,galang,
,cuci piring,berentas,
,cuci baju,mopo,
,bambu,aer,
,sampah,roro,
,pasir,gersek,
,satu,sopo,
,tiga,telu,
,tuju,pitu,
,delapan,balu,
,sembilan,siwa,
,kucing,bodok,
,kerbau,kebo,
,burung,pio,
,katak,lepang,
,belut,linung,
,cacing,belati,
,ular,bele,
,nyamuk,renget,
,kuda,jaran,
,roda,ban,
,mundur,suret,
,kesemuta,kemate,
,jidat,tata,
,kulit,luket,
,kacang,rapo,
,suara,seda,
,ranting,bewe,
,kain,kere,
,kotor,lesek,
,bagus,gera,
,jelek,lenge,
,nunduk,ngunuk,
,pegal,gengal,
,baring,ngulang,
,padi,pade,
,bunga,kemang,
,jagung,baso,
,hari ini ibu dan ayah pergi ke kondangan,amota mak ke bapak alo ko pengantan,
,kemarin teman-teman saya naik gunung,seperap dengan ku lalo ntek olat,
,adik saya jatuh dari tangga,adi ku teri kaleng anar,
,ibu mengajak saya pergi ke pasar,mak ajak ku alo ko amat,
,kemarin hari senin,perap ano senen,
,di depan rumah saya ada pohon jambu,nangkang bale ku ada puen nyamong,
,ayo pergi makan ke rumah saya,tom alo mangan ko bale kaku,
,tadi malam saya susah tidur,serawi kesaket ku tunung,
,"sup ini terasa terlalu asin, mungkin garamnya kebanyakan","sop nan pare lalo, terang peno lalo sira",
,aku makan pakai ikan,aku mangan ke jangan,
,ibu meminta saya untuk memetik sayur,mak suru ku alo bau jembrai,
,kenapa garam rasanya asin,kuda bua sira pare rasa,
,rumah saya banyak orang,bale kaku peno tau,
,ayah membuat pagar bambu di sekitar kebun agar tidak dimasuki hewan,bapak pina pagar aer pang keban bau no tama binatang,
,aku melihat matahari tenggelam,aku gita mata ano selam,
,air sungai sanagt deras setelah hujan,ai berang rea jira ujan,
,tadi malam aku membaca buku,serawi kak maca buku,
,"setiap pagi, ayah dan ibu berjalan keliling komplek",runtung jaga mak ke bapak belangan keliong komplek,
,kucing itu berlari mengejar bola di taman,bodok nan belari apan bal pang taman,
,semalam rasanya sangat dingin sekali,serawi ngelar benar,
,tadi malam sangat gelap karena mati lampu,serawi ungkap benar leng ka mate lampu,
,dia membuat jajan sangat keci,nya ka pina tepong ode lalo,
,hujan kemarin sangat besar,ujan sepreap rea benar,
,tas hitam ibu milik orang itu,tas pisak nan tau nan baeng,
,hati- hati pisau itu sangat tajam,jaga ladeng nan tayam lalo,
,saya membawa 11 piring saat magang,aku bawa solas talang ntu magang,
,"mereka duduk berdua di taman, berbicara tentang tugas hari ini","tau nan tokal dua pang taman, selaong boat ano ta",
,tolong tutup pintu sebelum nyamuk masuk,ngaro tutup lawang senopoka tama renget,
,tidur siang dihari libur itu sangat enak,tunung luher ano libur nan nyaman benar,
,"rumah ku dekat dengan sekolah, jadi aku bisa jalan kaki setiap hari","bale ku parak ke sekolah, jadi bau ku belangan alo runtung ano",
,"jangan berdiri terlalu jauh dari kita, nanti tersesat","na manang do lalo kaleng kita, ndi mu kesasang",
,rambutnya sudah terlalu panjang dan perlu di potong,"bulunya kam belo benar, harus ya tetak",
,dia memakai celana pendek karena cuaca hari ini sanagt panas,nya kenang seluar pene apa cuaca to panas lalo,
,tangan kirinya terluka karena jatuh saat bermain,ima kirinya bakat leng ka teri ntu bekedek,
,"jangan memukul kepala orang lain, itu sangat bahaya","na pukel otak tau, apa bahaya dean",
,seekor ulat kecil berjalan di atas dauh mangga,ulat ode belangan pang bao godong pelam,
,ibu sedang menyetrika baju untuk dipakai besok,mak ntu seterika lamong tawa kenang nawar,
,adik menangis karena celananya robek saat bermain,adi ka nangis leng ka berek seluar ntu bekedek,
,kenapa kamu tidak masuk sekolah kemarin,kuda nongka mu tama sekolah seperap,
,bagaimana kmu bisa sampai sini,melok bau kam dapat ta,
,siapa yang mengetuk pintu itu semalam,sai ka ketok lawang serawi,
,apakah kamu tahu dimana dia tinggal,mu to pang nya tedu,
,"dirumah itu tidak ada sinyal, jadi saya kesulitan menghubungi teman","pang bale nan nonda sinyal, kaleng kesaket ku hubungi dengan",
,apakah kamu benar sakit kemarin,tutu kau saket perap ke,
,aku baru pulang dari padar dan membawa banyak sayur,beru kak mole kaleng amat peno kak bawa jembrai,
,rumah tua itu sudah lama di tinggalkan oleh pemiliknya,bale loka nan le mo kaya bilen leng baeng,
,anak itu menangis karena botol minumnya terjatuh dan pecah,tode nan nangis leng ka teri butel ai kaleng ka bela,
,aku menyimpan kunci motor di saku agar tidak hilang,kak sio kunci motor pang pecikang bau no ilang,
,angin kencang memadamkan lilin yang menyala di jendela,aingin rea ya semate dila pang jendela,
,hidungnya bengkak setelah terpukul bola saat bermain sepak bola,idungna bara ka kena bal muntu main bal,
,dia mengambil sendok di atas meja makan,nya ka ete sidu pang bao meja makan,
,sandal anak kecil itu tertinggal di tengah jalan,sendal tode nan ka ketantang pang tenga ola,
,orang tua itu sedang duduk di bangku taman bersama cucunya,diri loka nan tokal pang taman ke papu,
,dia tidak mau makan satur karena rasanya pahit di mulut,nya noroa kakan jembrai apa pet pang boa,
,"setiap pagi dan malam, aku selalu menyikat gigi",runtung jaga petang rajin ku sikat iset,
,"setelah lama berdiri, kakiku terasa pegal sekali",leng le manang gengal rasa ne kku,
,"tolong pegang gelasnya, jangan sampai terjatuh",ngaro nti gelas na sampe teri,
,tolong ambilkan korek di dalam lemari,ngaro ete colo pang dalam lemari,
,aku tidak bisa lihat apa-apa tanpa kaca mata,nok bau ingo apa apa lamen nonda kaca mata,
,saya memetik jambu yang matang dari pohon belakang rumah.,kak bau nyamong masak pang bungkak bale,
,ayah menanam dua pohon mangga di kebun belakang rumah.,bapak tanang dua puen pelam pang bungkak bale,
,ia mencuci muka setiap pagi agar terasa segar,nya tetap biso muka runtung jaga bau senap,
,di kamar ada empat bantal dengan warna berbeda,pang dalam kamar ada 4 galang len len warna,
,"setelah makan malam, aku langsung cuci piring di dapur","jira mangan petang, langsung ku biso talang",
,dia memakai mesin cuci untuk mencuci baju lebih cepat,nya kenang mesin mopo bau lema,
,di belakang rumah kakek tumbuh pohon bambu yang tinggi dan rimbun.,pang bungkak bale papen tumung aer rea tingi,
,jangan membuang sampah sembarangan di jalan,na bolang roro so pikir pang pang ola,
,sepatu saya penuh dengan pasir setelah jalan-jalan di pantai.,sepatu ku peno gersik jira belangan pang let,
,aku hanya punya satu pensil di dalam tas,aku ada sopo pensil pang tas,
,dia membawa tiga buku dari perpustakaan,nya bawa telu buku kaleng perpus,
,jangan lupa mengunci pintu sebelum tidur,na kelupa kunci lawang senopoka tunung,
,anak itu berusia tujuh tahun sekarang,tode nan pitu ten to,
,ibu membeli sembilan butir telur di pasar,ma beli siwa tele pang amat,
,kucing itu tidur di bawah meja,bodok nan tunung pang anok meja,
,"di desa, masih banyak orang memelihara kerbau","pang desa, masi peno tau peliara kebo",
,anak-anak memberi makan burung di taman,tode beang managn pio pang taman,
,kodok hijau itu bersembunyi di balik daun,lepang ijo nan besio nanok godong,
,belut sawah biasanya bersembunyi di dalam lubang tanah,linong uma biasa besio pang dalam bongkang tana,
,cacing keluar dari tanah setelah hujan turun,belati les kaleng tana jira ujan,
,semalam kami melihat ular besar di pinggir jalan,serawi kat ingo bele rea pang ndeng ola,
,banyak nyamuk beterbangan di kamar saat malam hari,peno renget ngibar pang dalam kamar petang ano,
,kuda itu berlari kencang di tengah sawah,jarang nan belari lema pang tenga uma,
,truk besar memiliki enam roda untuk menahan beban berat,trek rea ada 4 roda tawa taha beban ade berat,
,mobil itu mundur perlahan saat parkir di garasi.,mobil ana suret lao2 ntu parkir pang garasi,
,kaki saya kesemutan karena duduk terlalu lama,ne ku kemate leng le lalo tokal,
,jidat teman saya terbentur pintu saat terburu-buru.,tata dengan ku kepentong ke lawang ntu keputung,
,kulit pisang bisa licin jika terinjak,luket puntu kelet ntu tu rek,
,anak itu alergi terhadap kacang,tode nan alergi ke rapo,
,suara petir tadi malam sangat keras dan mengejutkan,seda gunder serawi keras benar sampai teria,
,ranting pohon itu patah karena tertiup angin kencang,bewe puen nan polak ka kena angin rea,
,ibu membeli kain batik untuk dijahit menjadi baju,ma ka beli kere batek tawa jet senadi lamong,
,sepatu itu sangat kotor karena dipakai saat hujan,sepatu nan lesek benar leng ka kena ntu ujan,
,baju baru kakak terlihat bagus saat dipakai,lamong beru kaka balong tu ingo ntu ya kenang,
,nilai jelek karena tidak belajar sebelum ujiania,lenge nilai leng nongka belajar pas ya ujian,
,ia berjalan sambil nunduk,nya belangan sambil ngunuk,
,tangan ini pegal karena menulis terlalu lama,ima ta genga leng le lalo ka nules,
,"setelah makan, Ayah baring sambil membaca koran","jira mangan, bapak ngulang jangka baca koran",
,padi yang menguning di ladang tanda panen sudah dekat,pade kuning pang uma berarti ya roa mo panen,
,nenek menyiram bunga setiap pagi agar tetap segar,papen siram kemmang runtung jaga bau kemang tekar,
,ayah pergi petik jagung,bapak alo bau baso,
Aditya Rizaldi (221001034),Aku,Kaji,
,Kamu,Kelam,
,Pergi,Kona,
,Kalian,Nene,
,Pohon,Puin,
,Sumur,Buin,
,Ambil,Ete,
,Burung,Pio,
,Bohong,Bola,
,Aku,Kaji,
,Kamu,Kelam,
,Pergi,Kona,
,Kalian,Nene,
,Pohon,Puin,
,Air,Ai,
,Tidak,Nosi,
,Gatal,Mesang,
,Mandi,Maning,
,Pintu,Lawang,
,Lupa,Kalupa,
,Seperti,Mara,
,Makan,Mangan,
,Jatuh,Teri,
,Tangga,Anar,
,Pergi,Alo,
,Rumah,Bale,
,Duduk,Tokal,
,Tidur,Tunung,
,Sejuk,Senap,
,Jalan,Ola,
,Jelek,Lenge,
,Berkelahi,Bekepa,
,Kenapa,Kuda,
,Tanah,Tana,
,Kenyang,Besir,
,Baju,Lamung,
,Sendok,Sidu,
,Matahari,Ano,
,Celana,Seluar,
,Dekat,Parak,
,Pisau,Lading,
,Daun,Godong,
,Jatuh,Teri,
,Dorong,Surung,
,Kuda,Jaran,
,Permisi,Tabe,
,cepat,kotar,
,Lihat,Gita,
,Ujung,Poto,
,Pintu,Lawang,
,Seperti,Mara,
,Rambut,Bulu,
,Kasihan,Pedi,
,Ribut,Tomas,
,Besar,Rango,
,Mengatur,Periri,
,Beubah,Baroba,
,goreng,Siong,
,Pakai,Kenang,
,Pintu,Lawang,
,Bakar,Tunung,
,Pisang,Punti,
,Terkejut ,Teria,
,Nyala ,Melik,
,Pulang,Mole,
,Diam,Tedu,
,Rebus,Kela ,
,Banyak,Peno,
,Buruk,Lenge,
,Kebun,Keban,
,Jalan ,Ola,
,Kam ,Sudah,
,Kuda,kenapa,
,Banyak,peno,
,Sapi,Sampi,
,Cepat,Kotar ,
,Tidur,Mangan,
,Ayo,Tum,
,Pergi,Lalo,
,Bermain,Bekedek,
,Orang ,Tau,
,Mana,Me,
,Kamu,Sia,
,Saya ,Kaji,
,Mandi,Maning ,
,Pagi,Jaga,
,Pang,Di,
,Kotor ,Lesik,
,Bale,Rumah,
,Itu,Dean,
,,,
,,,
,,,
,,,
,,,
,,,
,,,
,,,
,,,
,Aku bangun pagi,kaji koat jaga,
,Ibu sedang memasak nasi,Ema muntu masak me,
,Ayah membaca koran ,bapa muntu baca koran,
,Saya minum air putih ,kaji inum ai puti,
,Adik sedang menonton televisi,adi  muntu manto tipi,
,Cuaca hari ini sangat cerah,geras balong ano ta ,
,Saya menyapu halaman rumah,kaji nyapu pang pekarangan bale,
,Nenek menyiram bunga setiap hari,abe siram kemang runtung ano,
,kucing saya tidur dikursi,bodok kaji tunung pang kursi,
,Ayah sedang memperbaiki lampu,bapa muntu seterang lampu,
,Ibu membeli sayur dipasar,ema alo beli sayur ko amat,
,Saya mengantar adik ke sekolah,kaji antat adi lako sekolah,
,kami makan malam bersama,kami mengan peteng berema,
,saya belajar matematika di meja belajar,kaji belajar matematika pang meja belajar,
,Saya membuatkan teh untuk teman yang sedang datang ,kaji pina teh tawa dengan de ya datang,
,teman saya tertawa sangat keras,keras lalo ketawa dengan kaji,
,kakak mencuci motor dihalaman,kaka muntu biso motor pang pekarangan,
,hujan turun deras sejak tadi sore,Rea turin ujan kaling tone rawi,
,saya sedang membaca,kaji muntu baca buku,
,ibu membuat kue ,ema muntu pina tepung,
,saya menyetrika baju ,kaji muntu setrika lamung,
,teman saya meminjam charger  ,dengan kaji sole cas hp,
,Saya sedang mendengarkan musik,kaji muntu menong musik,
,Adik saya bermain layangan di taman,adi kaji muntu pedek layang pang lapangan ,
,Saya menyiram tanaman hias  di teras rumah,kaji siram kemang pang teras bale,
,Teman saya mengajak makan bakso ,dengan kaji ajak kaji lalo kakan bakso,
,Saya mengantar paket ,kaji lao antat paket ,
,Kaka belajar sambil mendengarkan lagu,kaka muntu belajar sambil menong lagu,
,saya mengisi ulang air ,kaji isi ulang ai galon,
,ibu sedang menjemur pakaian,ma muntu sea lamung ,
,saya tertidur setelah membaca buku,kaji tunung jure baca buku,
,Teman saya memesan makanan,dengan kaji pesan ema ,
,Saya duduk ditahalaman rumah,kaji tokal pang pekarangan bale,
,kakek sedang membaca buku  ,abe muntu baca buku ,
,saya memotong kuku karena sudah panjang,kaji tetak kuku ling kam belo,
,ibu mencuci beras untuk dimasak,Ema muntu biso loto kenang  yamasak,
,Saya menyiapkan bekal,kaji pina sedo,
,Adik menggambar rumah dan pohon di buku gambar,Adi muntu pina bale ke puin pang buku gambar,
,saya membuka jendela,kaji buka jendela,
,ayah menyiram pohon mangga,bapa siram puin pelam,
,Saya menyusun buku ,kaji periri  buku,
,Adik memakan roti,Adi kakan roti,
,Ibu menyiapkan sarapan,ema mutntu periri pang mangan,
,saya mengantar sampah ,kaji alo antat roro ,
,Mengelap meja makan ,lap meja pang mangan,
,saya membantu ibu mencuci sayar,kaji tulung ema biso sayur,
,saya menutup pintu,kaji tutup lawang,
,saya membersihkan wc,kaji biso wc,
,Saya mencuci tangan sebelum makan,Kaji biso ima senopa mangan,
,Saya pergi ke ladang,kaji pergi ke gempang,
,Jalan itu sudah rusak,kam rusak ola nan,
,Kenapa banyak sapinya,kuda peno sampi nan,
,Kenapa cepat sekali tidur,Kuda kotar  lalo tunung,
,Ayo pergi  main,Tum lalo bekedek,
,Sudah pergi mandi ke,Kam Maning ke ,
,Orang mana kamu,Tau me sia,
,Saya mandi Pagi,Kaji maning jaga,
,Saya belajar di kelas ,Kaji ,
,Saya belajar dikelas,Kaji  belajar pang kelas ,
,Kenapa kotor sekali rumah itu,Kuda lesik bale nan,
,Kamu pakai tas baru,kau kenang tas beru,
,kamu darimana,Me ka lako mu,
,saya suka makan ayam,Kaji beri kakan ayam ,
Lepi Yusman Oktamaori (221001111),Rumah,Bale,
,Makan,Magan,
,Pintu,Lawang,
,Rambut,Bulu,
,Hari,Ano,
,Sawah,Orong,
,Botol,Butil,
,Piring,Talang,
,Air,Ai,
,Tidur,Tunung,
,Pohon,Puin,
,Tangan,Ima,
,Kaki,Ne,
,Perut,Tian,
,Kucing,Bodok,
,Laut,Let,
,Gunung,Olat,
,Pagi,Jaga,
,Sore,Rawi,
,Malam,Petang,
,Baju,Lamung,
,Celana,Seluar,
,Kuda,Jaran,
,Duduk,Tokal,
,Berdiri,Manang,
,Bangun,Koat,
,Telinga,Kuping,
,Gigi,Isit,
,Padi,Pade,
,Marah,Ngamuk,
,Senang,Kemeri,
,Banyak,Peno,
,Sedikit,Sekedi,
,Besar,Rea,
,Kecil,Ode,
,Cepat,Kotar,
,Pelan,Lao,
,Sulit,Kesakit,
,Diam,Tedu,
,Tanya,Stoan,
,Ambil,Ete,
,Cari,Buya,
,Sembunyi,Besio,
,Taruh,Olo,
,Buang,Bolang,
,Burung,Pio,
,Terbang,Ngibar,
,Naik,Ntek,
,Turun,Turen,
,Panjang,Belo,
,Pendek,Pene,
,Mandi,Maning,
,Sarapan,Besebo,
,Takut,Takit,
,Tunggu,Tari,
,Sebentar,Sengara,
,dingin,ngelar,
,Biji,modeng,
,Bunga,Kemang,
,Ribut,Tomas,
,Pipi,Papar,
,Pedas,Padang,
,liat ,gita,
,panci,pemongka,
,wangi,mampis,
,petir,gunter,
,mendengar,remenong,
,mengunyah,ngame,
,bernafas,beriyak,
,pukul,owe,
,pasar,amat,
,bawa,bentan,
,merdu ,maras,
,berenang,nange,
,berhamburan,kaseang,
,ngobrol,berape,
,tenggelam,kebelak,
,melihat,begita,
,kelapa,nyir,
,bau,mamung,
,merah,mira,
,daun,godong,
,kapan,pidan,
,kemana,mekena,
,cucu,papu,
,tikus,tikis,
,satu,sopo,
,jatuh ,tri,
,kebun,keban,
,zuhur,luher,
,bawa,bentan,
,badan,parana,
,sendok,sidu,
,tangga,anar,
,siang,tengari,
,garam,sira,
,saya,kaji,
,gatal,mesang,
,kecil,ode,
,gelap,ungkap,
,Saya Bangun Pagi,Kaji Koat Jaga,
,Saya Pergi main,Kaji Alo Bekedek,
,Saya Pergi Kerumah Teman,Kaji Alo Ko Bale Dengan,
,Saya Pergi Ke laut,Kaji Alo ko Let,
,Saya Pergi Ke Sawah,Kaji Alo Ko orong,
,Ibu Lagi Masak,Ema Ntu Masak,
,Saya Membersihkan Rumah,Kaji Sersi Bale,
,Saya Pergi Makan,Kaji Alo Mangan,
,Tangan Saya Patah Gara-gara Main Bola,Ima Kaji Polak Gara-Gara Main Bal,
,Hari ini Ibu Pergi Mencuci Baju Ke Sungai,Ano ta ema Alo popo lamung ko brang,
,Saya suka makan nasi goreng,Kaji Beri kakan me siong,
,Saya berangkat sekolah,kaji alo sekolah,
,Ibu lagi Mencuci piring,ema ntu biso talang,
,Ayah Pergi naik gunung,Bapak alo ntek olat,
,Adik saya memakai baju baru,Adi saya Kenang lamung beru,
,Ayah sedang duduk di depan rumah,Bapa ntu tokal nangkang bale,
,Ayah sakit gigi,Bapa ngering isit,
,Saya Sakit perut,Kaji ngering tian,
,Ayah pergi nonton balapan kuda,bapa alo panto barapan jaran,
,Ayah pergi nonton bapalan kerbau,bapa alo panto barapan kebo,
,Saya minum air,kaji nginum ai,
,Saya mengantar adik ke sekolah,Kaji alo antat adi ko sekolah,
,Saya pergi membantu ayah ke sawah,Kaji alo tulung bapa ko orong,
,kaka sedang mendengar musik,kaka ntu menong musik,
,Ayah marah gara-gara saya mandi di sungai ,bapa ngamuk gara-gara kaji maning pang brang,
,Apa kabar,meluk rungan,
,Saya senang dikasih hadiah,kaji kemeri kena beang hadiah,
,Saya ketiduran tadi malam,ka lap mata kaji serawi,
,Saya memelihara kucing,kaji patik bodok,
,Saya mempunyai banyak teman,kaji peno dengan,
,Saya sudah makan ,kaji kam mangan,
,Saya pergi tembak burung ,Kaji alo temak pio,
,Rumah kakek kotor,Bale abe lesik,
,Ayah sedang bekerja di sawah,Bapa ntu reboat pang orong,
,Ibu masak ikan di dapur,Ema masak jangan pang dapur,
,Nama saya Lepi,Singin kaji Lepi,
,Siapa nama kamu,Sai singin sia,
,Saya bertanya ke teman,Kaji ketoan dengan,
,Ini rumah saya,ta bale kaji,
,Dimana rumah kamu,Mpang bale sia,
,Minta tolong cari kunci motor saya,Eneng tulung buya kunci motor kaji,
,Saya diam ketika di dalam kelas,kaji tedi ntu dalam kelas,
,saya pergi makan dulu,kaji alo mangan nung,
,Saya pergi tidur,kaji alo tunung,
,Kakak membuat kopi,kaka pina kopi,
,Saya menunggu ayah ,kaji tari bapak,
,Saya merapikan kamar,kaji periri kamar,
,Saya turun dari gunung,kaji turen kaleng olat,
,Saya pergi membuang sampah,kaji alo bolang roro,
,Saya menaruh kunci diatas meja,kaji olo kunci pang bao meja,
,Saya mengambil kunci diatas lemari,kaji ete kunci pang bao lemari,
,Kamu pergi kemana,melako sia,
,Jangan Lupa bawa payung,nakelupa bawa payung,
,Saya suka bermain bola,kaji beri main bal,
,Saya belum mandi,Kaji nopoka maning,
,Saya lupa membawa laptop,kaji kelupa bawa laptop,
,Saya mandi lalu sarapan,kaji maning tres besebo,
,Malam ini saya tidak bisa tidur,petang ta nobau kaji tunung,
,Sekarang jam berapa,jam pida to,
,Gunung itu tinggi sekali,olat nan tingi benar,
,Telinga adik saya sakit,Kuping adi kaji ngering,
,Saya takut kucing,kaji takit bodok,
,Tunggu sebentar,Tari sengara,
,Hari ini hari senin,ano ta ano senin,
,Adik bermain di luar,adi bekedek pang luar,
,Saya pergi mandi dulu,kaji alo maning nung,
,Saya pergi makan dulu,kaji alo mangan nung,
,Rumah saya dekat sekolah,bale kaji parak ke sekolah,
,Saya tidak tahu,no kaji to,
,Ini baju baru saya,ta lamung beru kaji,
,cuaca hari ini dingin,cuaca ano ta ngelar,
,saya meminum air dingin,kaji inum ai ngelar,
,Minta jajannya sedikit,eneng tepung sekedi,
,Ayah sudah berangkat kerja,kam alo kerja bapa,
,Ada liat kunci ngga,ada gita kunci ke,
,Ayo kita keluar main,temo tu les bekedek,
,Hari ini hari rabu,ano ta ano rebo,
,ibu pergi ke pasar,ema alo ko amat,
,saya berenang di laut,kaji nange pang let,
,air ini sangat dingin,ngelar ai ta,
,pergi sana,alom kona,
,saya pergi bersema teman,kaji alo berema ke dengan,
,petirnya besar,rea gunter nan,
,saya pukul nanti,ya kaji owe ndi,
,merdu sekali suara saya,maras lalo seda kaji,
,wangi sekali baunya,mampis benar mamung,
,minggir jangan di jalan,mirek na pang ola,
,celana saya robek ,seluar kaji berek,
,belajar menjahit pakaian,belajar ngejet kere lamung,
,bertengkar di depan jalan raya,basengal nangkang ola rea,
,saya lapar mau makan,panas tian kaji sate mangan,
,bendungan itu baru jadi kemarin,embung nan seperap ka jadi,
,piringnya di atur duluan,atur pingan dunung,
,saya mau mencuci piring dulu,kaji berentas dunung,
,"lengket sekali rambut saya, mungkin karena jarang mandi","lekat benar bulu otak kaji, kira leng jarang maning",
,jangan berlari nanti jatuh,na belari endi teri,
,nanti malam saya keluar,ndi petang kaji les,
,zuhur tadi ada gempa,luher ita ada liner,
,kuat sekali ngobro,kuat benar berape,
,mundur sedikit coba,suret sedi kadu,
